{
  "bundle_id": "_MakerBot Replicator Z18 MasterBundle v9",
  "bundle_type": "printer config bundle",
  "version": "01.10.01.04",
  "created": "2025-08-17T08:57:36.050573",
  "printer_config": [
    "printer/MakerBot Replicator Z18 (Smart Extruder+) - 0.2mm.json",
    "printer/MakerBot Replicator Z18 (Smart Extruder+) - 0.4mm.json",
    "printer/MakerBot Replicator Z18 (Smart Extruder+) - 0.6mm.json",
    "printer/MakerBot Replicator Z18 (Smart Extruder+) - 0.8mm.json",
    "printer/MakerBot Replicator Z18 (Smart Extruder+) - 1.0mm.json",
    "printer/MakerBot Replicator Z18 (Tough Smart Extruder+) - 0.2mm.json",
    "printer/MakerBot Replicator Z18 (Tough Smart Extruder+) - 0.4mm.json",
    "printer/MakerBot Replicator Z18 (Tough Smart Extruder+) - 0.6mm.json",
    "printer/MakerBot Replicator Z18 (Tough Smart Extruder+) - 0.8mm.json",
    "printer/MakerBot Replicator Z18 (Tough Smart Extruder+) - 1.0mm.json",
    "printer/MakerBot Replicator Z18 (LABS) - 0.2mm.json",
    "printer/MakerBot Replicator Z18 (LABS) - 0.4mm.json",
    "printer/MakerBot Replicator Z18 (LABS) - 0.6mm.json",
    "printer/MakerBot Replicator Z18 (LABS) - 0.8mm.json",
    "printer/MakerBot Replicator Z18 (LABS) - 1.0mm.json"
  ],
  "printer_preset_name": "MakerBot Replicator Z18 (Smart Extruder+) - 0.4mm",
  "process_config": [
    "process/0.20mm Fine @Z18.json",
    "process/0.40mm Allround @Z18.json",
    "process/0.60mm Draft @Z18.json",
    "process/0.80mm Draft @Z18.json",
    "process/1.00mm Coarse @Z18.json",
    "process/Vase Mode @Z18.json",
    "process/High Strength @Z18.json",
    "process/Smart Extruder+ 0.2mm Balanced @Z18.json",
    "process/Smart Extruder+ 0.2mm High Strength @Z18.json",
    "process/Smart Extruder+ 0.2mm Vase Mode @Z18.json",
    "process/Smart Extruder+ 0.4mm Balanced @Z18.json",
    "process/Smart Extruder+ 0.4mm High Strength @Z18.json",
    "process/Smart Extruder+ 0.4mm Vase Mode @Z18.json",
    "process/Smart Extruder+ 0.6mm Balanced @Z18.json",
    "process/Smart Extruder+ 0.6mm High Strength @Z18.json",
    "process/Smart Extruder+ 0.6mm Vase Mode @Z18.json",
    "process/Smart Extruder+ 0.8mm Balanced @Z18.json",
    "process/Smart Extruder+ 0.8mm High Strength @Z18.json",
    "process/Smart Extruder+ 0.8mm Vase Mode @Z18.json",
    "process/Smart Extruder+ 1.0mm Balanced @Z18.json",
    "process/Smart Extruder+ 1.0mm High Strength @Z18.json",
    "process/Smart Extruder+ 1.0mm Vase Mode @Z18.json",
    "process/Tough Smart Extruder+ 0.2mm Balanced @Z18.json",
    "process/Tough Smart Extruder+ 0.2mm High Strength @Z18.json",
    "process/Tough Smart Extruder+ 0.2mm Vase Mode @Z18.json",
    "process/Tough Smart Extruder+ 0.4mm Balanced @Z18.json",
    "process/Tough Smart Extruder+ 0.4mm High Strength @Z18.json",
    "process/Tough Smart Extruder+ 0.4mm Vase Mode @Z18.json",
    "process/Tough Smart Extruder+ 0.6mm Balanced @Z18.json",
    "process/Tough Smart Extruder+ 0.6mm High Strength @Z18.json",
    "process/Tough Smart Extruder+ 0.6mm Vase Mode @Z18.json",
    "process/Tough Smart Extruder+ 0.8mm Balanced @Z18.json",
    "process/Tough Smart Extruder+ 0.8mm High Strength @Z18.json",
    "process/Tough Smart Extruder+ 0.8mm Vase Mode @Z18.json",
    "process/Tough Smart Extruder+ 1.0mm Balanced @Z18.json",
    "process/Tough Smart Extruder+ 1.0mm High Strength @Z18.json",
    "process/Tough Smart Extruder+ 1.0mm Vase Mode @Z18.json",
    "process/LABS 0.2mm Balanced @Z18.json",
    "process/LABS 0.2mm High Strength @Z18.json",
    "process/LABS 0.2mm Vase Mode @Z18.json",
    "process/LABS 0.4mm Balanced @Z18.json",
    "process/LABS 0.4mm High Strength @Z18.json",
    "process/LABS 0.4mm Vase Mode @Z18.json",
    "process/LABS 0.6mm Balanced @Z18.json",
    "process/LABS 0.6mm High Strength @Z18.json",
    "process/LABS 0.6mm Vase Mode @Z18.json",
    "process/LABS 0.8mm Balanced @Z18.json",
    "process/LABS 0.8mm High Strength @Z18.json",
    "process/LABS 0.8mm Vase Mode @Z18.json",
    "process/LABS 1.0mm Balanced @Z18.json",
    "process/LABS 1.0mm High Strength @Z18.json",
    "process/LABS 1.0mm Vase Mode @Z18.json",
    "process/Extra: Ultra-Fine 0.08 @Z18.json",
    "process/Extra: Fast Draft 0.30 @Z18.json",
    "process/Extra: High-Speed 0.48 @Z18.json",
    "process/Extra: Solid Strong @Z18.json",
    "process/Extra: Support Heavy @Z18.json"
  ],
  "filament_config": [
    "filament/Generic PLA @Z18.json",
    "filament/Generic ABS @Z18.json",
    "filament/Generic ASA @Z18.json",
    "filament/Generic PETG @Z18.json",
    "filament/Generic TPU @Z18.json",
    "filament/Generic Nylon @Z18.json",
    "filament/Generic PC @Z18.json",
    "filament/Generic PVA @Z18.json"
  ]
}