{
  "adaptive_bed_mesh_margin": "0",
  "auxiliary_fan": "0",
  "bbl_use_printhost": "0",
  "bed_custom_model": "",
  "bed_custom_texture": "",
  "bed_exclude_area": [
    "0x0"
  ],
  "bed_mesh_max": "99999,99999",
  "bed_mesh_min": "-99999,-99999",
  "bed_mesh_probe_distance": "50,50",
  "before_layer_change_gcode": ";BEFORE_LAYER_CHANGE\n;[layer_z]\nG92 E0\n",
  "best_object_pos": "152.5,152.5",
  "change_extrusion_role_gcode": "",
  "change_filament_gcode": "",
  "cooling_tube_length": "5",
  "cooling_tube_retraction": "91.5",
  "default_filament_profile": [
    "Generic PLA @System"
  ],
  "default_print_profile": "0.20mm Standard @MyKlipper",
  "deretraction_speed": [
    "30"
  ],
  "disable_m73": "0",
  "emit_machine_limits_to_gcode": "1",
  "enable_filament_ramming": "1",
  "enable_long_retraction_when_cut": "0",
  "extra_loading_move": "-2",
  "extruder_clearance_height_to_lid": "140",
  "extruder_clearance_height_to_rod": "36",
  "extruder_clearance_radius": "65",
  "extruder_colour": [
    "#FCE94F"
  ],
  "extruder_offset": [
    "0x0"
  ],
  "fan_kickstart": "0",
  "fan_speedup_overhangs": "1",
  "fan_speedup_time": "0",
  "from": "User",
  "gcode_flavor": "marlin2",
  "head_wrap_detect_zone": [],
  "high_current_on_filament_swap": "0",
  "host_type": "octoprint",
  "inherits": "Makerbot Replicator Z18 0.4 nozzle",
  "is_custom_defined": "0",
  "layer_change_gcode": ";AFTER_LAYER_CHANGE\n;[layer_z]",
  "long_retractions_when_cut": [
    "0"
  ],
  "machine_end_gcode": "M104 S0                  ; hotend off\\nM107                     ; fan off\\nG1 X0 Y300 F9000         ; park near front\\nG1 Z450 F600             ; raise Z to near top",
  "machine_load_filament_time": "0",
  "machine_max_acceleration_e": [
    "5000",
    "5000"
  ],
  "machine_max_acceleration_extruding": [
    "20000",
    "20000"
  ],
  "machine_max_acceleration_retracting": [
    "5000",
    "5000"
  ],
  "machine_max_acceleration_travel": [
    "20000",
    "20000"
  ],
  "machine_max_acceleration_x": [
    "20000",
    "20000"
  ],
  "machine_max_acceleration_y": [
    "20000",
    "20000"
  ],
  "machine_max_acceleration_z": [
    "500",
    "200"
  ],
  "machine_max_jerk_e": [
    "2.5",
    "2.5"
  ],
  "machine_max_jerk_x": [
    "9",
    "9"
  ],
  "machine_max_jerk_y": [
    "9",
    "9"
  ],
  "machine_max_jerk_z": [
    "0.2",
    "0.4"
  ],
  "machine_max_speed_e": [
    "25",
    "25"
  ],
  "machine_max_speed_x": [
    "500",
    "200"
  ],
  "machine_max_speed_y": [
    "500",
    "200"
  ],
  "machine_max_speed_z": [
    "12",
    "12"
  ],
  "machine_min_extruding_rate": [
    "0",
    "0"
  ],
  "machine_min_travel_rate": [
    "0",
    "0"
  ],
  "machine_pause_gcode": "PAUSE",
  "machine_start_gcode": "; makerbot_tool_type = mk13_experimental\nG21                      ; metric units\nG90                      ; absolute positioning\nM82                      ; absolute extrusion\nM107                     ; fan off\n\nG28                      ; home all axes\nG92 E0                   ; reset extruder to 0\n\n; --- Optional: heated chamber (Z18 has NO heated bed) ---\n; For PLA: usually OFF. For ABS/ASA/PC/PETG: 35–60 °C, max 65 °C\n;M141 S55                ; set chamber temperature to 55 °C\n;M191 S55                ; wait for chamber to reach 55 °C\n; --------------------------------------------------------\n\nG1 Z35 F9000             ; lift to safe Z\nG1 X152.5 Y152.5 F15000  ; move to bed center (305x305 bed)\n\n; --- Optional: prime line ---\n;G1 Z0.28 F900\n;G1 X20 Y10 F6000\n;G1 E3 F300\n;G1 X285 Y10 E15 F1200\n;G1 E-1 F1800\n",
  "machine_tool_change_time": "0",
  "machine_unload_filament_time": "0",
  "manual_filament_change": "0",
  "max_layer_height": [
    "0.16"
  ],
  "min_layer_height": [
    "0.04"
  ],
  "name": "MakerBot Replicator Z18 (LABS) - 0.2mm",
  "nozzle_diameter": [
    "0.2"
  ],
  "nozzle_height": "2.5",
  "nozzle_hrc": "0",
  "nozzle_type": "undefine",
  "nozzle_volume": "0",
  "parking_pos_retraction": "92",
  "pellet_modded_printer": "0",
  "preferred_orientation": "0",
  "printable_area": [
    "-152.5x-152.5",
    "152.5x-152.5",
    "152.5x152.5",
    "-152.5x152.5"
  ],
  "printable_height": "457",
  "printer_model": "Makerbot Replicator Z18",
  "printer_notes": "",
  "printer_settings_id": "Makerbot Replicator Z18 Example",
  "printer_structure": "undefine",
  "printer_technology": "FFF",
  "printer_variant": "0.2",
  "printhost_authorization_type": "key",
  "printhost_ssl_ignore_revoke": "0",
  "printing_by_object_gcode": "",
  "purge_in_prime_tower": "1",
  "retract_before_wipe": [
    "70%"
  ],
  "retract_length_toolchange": [
    "2"
  ],
  "retract_lift_above": [
    "0"
  ],
  "retract_lift_below": [
    "0"
  ],
  "retract_lift_enforce": [
    "All Surfaces"
  ],
  "retract_on_top_layer": [
    "1"
  ],
  "retract_restart_extra": [
    "0"
  ],
  "retract_restart_extra_toolchange": [
    "0"
  ],
  "retract_when_changing_layer": [
    "1"
  ],
  "retraction_distances_when_cut": [
    "18"
  ],
  "retraction_length": [
    "0.8"
  ],
  "retraction_minimum_travel": [
    "1"
  ],
  "retraction_speed": [
    "30"
  ],
  "scan_first_layer": "0",
  "silent_mode": "0",
  "single_extruder_multi_material": "1",
  "support_air_filtration": "1",
  "support_chamber_temp_control": "1",
  "support_multi_bed_types": "1",
  "template_custom_gcode": "",
  "thumbnails": "48x48/PNG,300x300/PNG",
  "thumbnails_format": "PNG",
  "time_cost": "0",
  "time_lapse_gcode": "",
  "travel_slope": [
    "3"
  ],
  "upward_compatible_machine": [],
  "use_firmware_retraction": "0",
  "use_relative_e_distances": "1",
  "version": "2.3.0.3",
  "wipe": [
    "1"
  ],
  "wipe_distance": [
    "1"
  ],
  "z_hop": [
    "0.4"
  ],
  "z_hop_types": [
    "Normal Lift"
  ],
  "z_offset": "0",
  "type": "printer",
  "start_gcode": "; makerbot_tool_type = mk13_experimental\nG21                      ; metric units\nG90                      ; absolute positioning\nM82                      ; absolute extrusion\nM107                     ; fan off\n\nG28                      ; home all axes\nG92 E0                   ; reset extruder to 0\n\n; --- Optional: heated chamber (Z18 has NO heated bed) ---\n; For PLA: usually OFF. For ABS/ASA/PC/PETG: 35–60 °C, max 65 °C\n;M141 S55                ; set chamber temperature to 55 °C\n;M191 S55                ; wait for chamber to reach 55 °C\n; --------------------------------------------------------\n\nG1 Z35 F9000             ; lift to safe Z\nG1 X152.5 Y152.5 F15000  ; move to bed center (305x305 bed)\n\n; --- Optional: prime line ---\n;G1 Z0.28 F900\n;G1 X20 Y10 F6000\n;G1 E3 F300\n;G1 X285 Y10 E15 F1200\n;G1 E-1 F1800\n",
  "end_gcode": "M104 S0                  ; hotend off\\nM107                     ; fan off\\nG1 X0 Y300 F9000         ; park near front\\nG1 Z450 F600             ; raise Z to near top"
}